review,rating
"I absolutely loved this movie! The acting was top-notch.",5
"One of the best movies I've seen this year!",5
"Amazing storyline and visuals.",5
"Fantastic movie! Highly recommend.",5
"Amazing performance by the lead actor.",5
"Heartwarming and beautifully directed.",5
"Absolutely stunning cinematography.",5
"The movie exceeded my expectations.",5
"Every scene was perfectly executed.",5
"Thrilling from start to finish.",5
"Brilliant script and dialogue.",5
"Engaging plot and excellent pacing.",5
"Outstanding performances by the cast.",5
"A masterpiece, would watch again.",5
"Perfect balance of humor and drama.",5
"Exceptional soundtrack and score.",5
"Great chemistry between the actors.",5
"Highly entertaining and emotional.",5
"Beautifully told story.",5
"Simply amazing, loved every moment.",5
"Pretty good, enjoyed most of it.",4
"The movie was enjoyable, but a bit long.",4
"Good movie, would watch again.",4
"Liked the story and the characters.",4
"Solid movie with decent acting.",4
"Interesting plot and nice visuals.",4
"Fun movie, good for a weekend watch.",4
"Enjoyable overall, minor flaws.",4
"Good performances and decent script.",4
"Liked the movie, but pacing was slow.",4
"Average movie, but still entertaining.",4
"Some funny moments and good acting.",4
"Enjoyed it more than expected.",4
"Good story, but predictable ending.",4
"Pleasantly surprising film.",4
"Nice movie for casual watching.",4
"Decent visuals and engaging story.",4
"It was okay, nothing special.",3
"Average movie, had some good moments.",3
"Not bad, but could have been better.",3
"Some parts were enjoyable, some boring.",3
"Neutral feelings about this film.",3
"Neither great nor terrible, just okay.",3
"Plot was fine, nothing memorable.",3
"Moderate enjoyment, could skip.",3
"Movie was alright, not impressive.",3
"Some good parts, some dull parts.",3
"Fair movie, but not very engaging.",3
"Average acting and storyline.",3
"Meh, it was just okay.",3
"Nothing too exciting, nothing too bad.",3
"Not memorable, but watchable.",3
"Could have been better, but okay.",3
"Movie is fine if you have time to spare.",3
"Not very impressive, could have been better.",2
"The plot was boring and predictable.",2
"Characters were weak and unconvincing.",2
"Movie lacked excitement and pacing.",2
"Disappointed with the storyline.",2
"Poor acting and bland script.",2
"Not enjoyable, felt too long.",2
"Some interesting parts, mostly dull.",2
"Plot holes ruined the movie.",2
"Could not connect with the characters.",2
"Story was slow and tedious.",2
"Nothing stood out in this film.",2
"Predictable and clich√©.",2
"Average effort, not worth it.",2
"Not engaging, left me bored.",2
"Missed opportunities in the story.",2
"Few good moments, mostly bad.",2
"Worst movie ever. Completely wasted my time.",1
"Terrible acting and storyline, do not watch.",1
"Awful movie, couldn't finish it.",1
"One of the worst films I've seen.",1
"Painfully bad, I regret watching.",1
"Horrible, nothing made sense.",1
"Complete waste of money and time.",1
"Ridiculous plot and terrible execution.",1
"Actors were awful, plot even worse.",1
"Disappointing, don't bother watching.",1
"Just terrible, not enjoyable at all.",1
"Absolute disaster, could not watch.",1
"Pathetic storyline and bad acting.",1
"Worst experience in a long time.",1
"Completely boring, fell asleep.",1
"A real disappointment, expected better.",1
"Do not waste your time on this.",1
"Horrendous movie, stay away.",1
"Painful to watch, very bad.",1
